e.id,e.name,mail,d.name
300001,Ema Shiogai,12345@consumer.jp.com,Marketing
300002,Eri Nose,12346@consumer.jp.com,Marketing
300003,Eri Waku,12347@consumer.jp.com,Product Development
300004,Jyunjin Takayama,12348@consumer.jp.com,Factory
300005,Koji Tate,12349@consumer.jp.com,Factory
300006,Maiko Wamura,12310@consumer.jp.com,Product Development
300007,Maiko Yuki,12311@consumer.jp.com,Product Development
300008,Masaru Shinoda,12312@consumer.jp.com,Product Development
300009,Mikie Nihei,12313@consumer.jp.com,Product Development
300010,Nana Toyonaga,12314@consumer.jp.com,Product Development
300011,NAri Wanda,12315@consumer.jp.com,Factory
300012,Noriyuki Shimada,12361@consumer.jp.com,Factory
300013,Shyuko Niho,12317@consumer.jp.com,Factory
300014,Take Hisamoto,12318@consumer.jp.com,Factory
300015,Tatsuo Matsuhahsi,12319@consumer.jp.com,Factory
300016,Taturo Shiono,12320@consumer.jp.com,Human Resorce
300017,Tomohiro Tamatsukiri,12321@consumer.jp.com,Account
300018,Toru Tsugane,12322@consumer.jp.com,Account
300019,Toshimune Michishige,12323@consumer.jp.com,Marketing
300020,Yuya Hoside,12324@consumer.jp.com,Human Resorce